email,name,quantity
ajheschl@gmail.com,Andrew,1
ajheschl@gmail.com,Andrew,1
ajheschl@gmail.com,Andrew,1
ajheschl@gmail.com,Andrew,1
ajheschl@gmail.com,Andrew,1
ajheschl@gmail.com,Andrew,1
ajheschl@gmail.com,Andrew,1
ajheschl@gmail.com,Andrew,1
ajheschl@gmail.com,Andrew,1
ajheschl@gmail.com,Andrew,1
ajheschl@gmail.com,Andrew,1
ajheschl@gmail.com,Andrew,1
ajheschl@gmail.com,Andrew,1
ajheschl@gmail.com,Andrew,1
ajheschl@gmail.com,Andrew,1
ajheschl@gmail.com,Andrew,1
ajheschl@gmail.com,Andrew,1
ajheschl@gmail.com,Andrew,1
ajheschl@gmail.com,Andrew,1
ajheschl@gmail.com,Andrew,1
ajheschl@gmail.com,Andrew,1
ajheschl@gmail.com,Andrew,1
ajheschl@gmail.com,Andrew,1
ajheschl@gmail.com,Andrew,1
ajheschl@gmail.com,Andrew,1
ajheschl@gmail.com,Andrew,1
ajheschl@gmail.com,Andrew,1
ajheschl@gmail.com,Andrew,1
ajheschl@gmail.com,Andrew,1
ajheschl@gmail.com,Andrew,1
ajheschl@gmail.com,Andrew,1
ajheschl@gmail.com,Andrew,1
ajheschl@gmail.com,Andrew,1
ajheschl@gmail.com,Fred adwadawda,1
test@gmail.com,Mauri Murrilio,1
jefferson.gutierritos@gmail.com,Jeferson Gutierritos,1
